{
  "type": "api",
  "version": "v4.5.0",
  "data": {
    "id": "11fdaa65-8b7b-4cbf-824e-21ddb8e5b6e3",
    "name": "AccountAPI",
    "context": "/accounts",
    "version": "3.0.0",
    "provider": "admin",
    "lifeCycleStatus": "PUBLISHED",
    "responseCachingEnabled": false,
    "cacheTimeout": 300,
    "hasThumbnail": false,
    "isDefaultVersion": true,
    "isRevision": false,
    "revisionId": 0,
    "enableSchemaValidation": false,
    "enableSubscriberVerification": false,
    "type": "HTTP",
    "audiences": [
      "all"
    ],
    "transport": [
      "http",
      "https"
    ],
    "tags": [],
    "policies": [
      "Unlimited"
    ],
    "organizationPolicies": [],
    "authorizationHeader": "Authorization",
    "apiKeyHeader": "ApiKey",
    "securityScheme": [
      "oauth_basic_auth_api_key_mandatory",
      "oauth2"
    ],
    "visibility": "PUBLIC",
    "visibleRoles": [],
    "visibleTenants": [],
    "visibleOrganizations": [
      "none"
    ],
    "mediationPolicies": [],
    "subscriptionAvailability": "CURRENT_TENANT",
    "subscriptionAvailableTenants": [],
    "additionalProperties": [
      {
        "name": "subdominio",
        "value": "finanzas-pagos",
        "display": true
      }
    ],
    "additionalPropertiesMap": {
      "subdominio__display": {
        "name": "subdominio",
        "value": "finanzas-pagos",
        "display": false
      }
    },
    "accessControl": "NONE",
    "accessControlRoles": [],
    "businessInformation": {},
    "corsConfiguration": {
      "corsConfigurationEnabled": false,
      "accessControlAllowOrigins": [
        "*"
      ],
      "accessControlAllowCredentials": false,
      "accessControlAllowHeaders": [
        "authorization",
        "Access-Control-Allow-Origin",
        "Content-Type",
        "SOAPAction",
        "apikey",
        "Internal-Key"
      ],
      "accessControlAllowMethods": [
        "GET",
        "PUT",
        "POST",
        "DELETE",
        "PATCH",
        "OPTIONS"
      ]
    },
    "websubSubscriptionConfiguration": {
      "enable": false,
      "secret": "",
      "signingAlgorithm": "SHA1",
      "signatureHeader": "x-hub-signature"
    },
    "createdTime": "1765314765887",
    "lastUpdatedTimestamp": "1765314789590",
    "lastUpdatedTime": "2025-12-09 22:13:09.59",
    "endpointConfig": {
      "endpoint_type": "http",
      "sandbox_endpoints": {
        "url": "https://run.mocky.io/v3/56917a89c3e1e233134213b475f581af"
      },
      "production_endpoints": {
        "url": "https://run.mocky.io/v3/bbefd85fc7fde668a8507aab01dd5b6a"
      }
    },
    "endpointImplementationType": "ENDPOINT",
    "subtypeConfiguration": {
      "subtype": "DEFAULT"
    },
    "scopes": [],
    "operations": [
      {
        "id": "",
        "target": "/*",
        "verb": "GET",
        "authType": "Application \u0026 Application User",
        "throttlingPolicy": "Unlimited",
        "scopes": [],
        "usedProductIds": [],
        "operationPolicies": {
          "request": [],
          "response": [],
          "fault": []
        }
      },
      {
        "id": "",
        "target": "/*",
        "verb": "POST",
        "authType": "Application \u0026 Application User",
        "throttlingPolicy": "Unlimited",
        "scopes": [],
        "usedProductIds": [],
        "operationPolicies": {
          "request": [],
          "response": [],
          "fault": []
        }
      }
    ],
    "categories": [],
    "keyManagers": [
      "all"
    ],
    "advertiseInfo": {
      "advertised": false,
      "apiOwner": "admin",
      "vendor": "WSO2"
    },
    "gatewayVendor": "wso2",
    "gatewayType": "wso2/synapse",
    "asyncTransportProtocols": [],
    "egress": false,
    "organizationId": "carbon.super"
  }
}